NonTerminal,FIRST,FOLLOW
AND_OP,"( FLOAT_LITERAL INT_LITERAL STRING_LITERAL deref false id new not null ref true",") , ; do else end fi in od then ||"
AND_OP',"&& ε",") , ; do else end fi in od then ||"
AND_OP3,"&& * + - / < <= <> = > >= ^","."
AND_OP4,"( FLOAT_LITERAL INT_LITERAL STRING_LITERAL deref false id new not null ref true",". ||"
AND_OP4',"&& ε",". ||"
ASSIGN_STMT,":=","; else end fi od"
BOOL_LITERAL,"false true","&& ) * + , - . / ; < <= <> = > >= ^ do else end fi in od then ||"
CALL_ARGS,"( FLOAT_LITERAL INT_LITERAL STRING_LITERAL deref false id new not null ref true ε",")"
CALL_ARGS',", ε",")"
CALL_STMT,"( ε","&& ) * + , - . / ; < <= <> = > >= ^ do else end fi in od then ||"
DECL,"enum procedure struct var","; end in"
DEREF_VAR,"deref","&& ) * + , - . / := ; < <= <> = > >= ^ do else end fi in od then ||"
DEREF_VAR',"( FLOAT_LITERAL INT_LITERAL STRING_LITERAL deref false id new not null ref true",")"
ELSE_STMT,"else ε","fi"
ENUM_DECL,"enum","; end in"
ENUM_DECL',", ε","}"
EXP,"( FLOAT_LITERAL INT_LITERAL STRING_LITERAL deref false id new not null ref true",") , ; do else end fi in od then"
EXP2,"( FLOAT_LITERAL INT_LITERAL STRING_LITERAL deref false new not null ref true","."
EXP3,"&& * + - / < <= <> = > >= ^ ||","."
EXP4,"( FLOAT_LITERAL INT_LITERAL STRING_LITERAL deref false id new not null ref true",""
EXP5,"( FLOAT_LITERAL INT_LITERAL STRING_LITERAL false new not null ref true","."
EXP_ARITH,"( FLOAT_LITERAL INT_LITERAL STRING_LITERAL deref false id new null ref true","&& ) , ; < <= <> = > >= do else end fi in od then ||"
EXP_ARITH',"+ - ε","&& ) , ; < <= <> = > >= do else end fi in od then ||"
EXP_ARITH3,"* + - / ^","."
EXP_ARITH4,"( FLOAT_LITERAL INT_LITERAL STRING_LITERAL deref false id new null ref true","&& . < <= <> = > >= ||"
EXP_ARITH4',"+ - ε","&& . < <= <> = > >= ||"
EXP_REL,"( FLOAT_LITERAL INT_LITERAL STRING_LITERAL deref false id new null ref true","&& ) , ; do else end fi in od then ||"
EXP_REL',"< <= <> = > >= ε","&& ) , ; do else end fi in od then ||"
EXP_REL3,"* + - / < <= <> = > >= ^","."
EXP_REL4,"( FLOAT_LITERAL INT_LITERAL STRING_LITERAL deref false id new null ref true","&& . ||"
EXP_REL4',"< <= <> = > >= ε","&& . ||"
FACT,"( FLOAT_LITERAL INT_LITERAL STRING_LITERAL deref false id new null ref true","&& ) * + , - . / ; < <= <> = > >= ^ do else end fi in od then ||"
FACT2,"( FLOAT_LITERAL INT_LITERAL STRING_LITERAL deref false new null ref true","&& * + - / < <= <> = > >= ^ ||"
FACT3,"( FLOAT_LITERAL INT_LITERAL STRING_LITERAL deref false id new null ref true",". ^"
FACT4,"( FLOAT_LITERAL INT_LITERAL STRING_LITERAL deref false id new null ref true","&& * + - . / < <= <> = > >= ^ ||"
FACT5,"( FLOAT_LITERAL INT_LITERAL STRING_LITERAL false new null ref true","&& * + - / < <= <> = > >= ^ ||"
IF_STMT,"if","; else end fi od"
LITERAL,"FLOAT_LITERAL INT_LITERAL STRING_LITERAL false null true","&& ) * + , - . / ; < <= <> = > >= ^ do else end fi in od then ||"
NOT_OP,"( FLOAT_LITERAL INT_LITERAL STRING_LITERAL deref false id new not null ref true","&& ) , ; do else end fi in od then ||"
NOT_OP',"not ε","( FLOAT_LITERAL INT_LITERAL STRING_LITERAL deref false id new null ref true"
NOT_OP4,"( FLOAT_LITERAL INT_LITERAL STRING_LITERAL deref false id new not null ref true","&& . ||"
NOT_OP4',"not ε","( FLOAT_LITERAL INT_LITERAL STRING_LITERAL deref false id new null ref true"
OR_OP',"|| ε",") , ; do else end fi in od then"
OR_OP3,"&& * + - / < <= <> = > >= ^ ||","."
OR_OP4',"|| ε","."
PARAMFIELD_DECL,"id",") , ; }"
POW,"( FLOAT_LITERAL INT_LITERAL STRING_LITERAL deref false id new null ref true","&& ) * + , - / ; < <= <> = > >= do else end fi in od then ||"
POW',"^ ε","&& ) * + , - / ; < <= <> = > >= do else end fi in od then ||"
POW3,"^","."
POW4,"( FLOAT_LITERAL INT_LITERAL STRING_LITERAL deref false id new null ref true","&& * + - . / < <= <> = > >= ||"
POW4',"^ ε","&& * + - . / < <= <> = > >= ||"
PROC_DECL,"procedure","; end in"
PROC_DECL_DECL,"enum in procedure struct var ε","( FLOAT_LITERAL INT_LITERAL STRING_LITERAL deref end false id if new not null ref return true while"
PROC_PARAMFIELD_DECL,"id ε",")"
PROC_PARAMFIELD_DECL',", ε",")"
PROC_TYPE_DECL,": ε","begin"
PROGRAM,"program","$"
PROGRAM_DECL,"enum procedure struct var ε","end in"
PROGRAM_DECL',"; ε","end in"
REC_DECL,"struct","; end in"
REC_PARAMFIELD_DECL,"id ε","}"
REC_PARAMFIELD_DECL',"; ε","}"
REF_VAR,"ref","&& ) * + , - . / ; < <= <> = > >= ^ do else end fi in od then ||"
REL_OP,"< <= <> = > >=","( FLOAT_LITERAL INT_LITERAL STRING_LITERAL deref false id new null ref true"
RETURN_STMT,"return","; else end fi od"
STMT,"( FLOAT_LITERAL INT_LITERAL STRING_LITERAL deref false id if new not null ref return true while","; else end fi od"
STMT',"&& ( * + - . / := < <= <> = > >= ^ ||","; else end fi od"
STMT_DEREF',"&& * + - / < <= <> = > >= ^ || ε",":="
STMT_LIST,"( FLOAT_LITERAL INT_LITERAL STRING_LITERAL deref false id if new not null ref return true while ε","else end fi od"
STMT_LIST',"; ε","else end fi od"
TERM,"( FLOAT_LITERAL INT_LITERAL STRING_LITERAL deref false id new null ref true","&& ) + , - ; < <= <> = > >= do else end fi in od then ||"
TERM',"* / ε","&& ) + , - ; < <= <> = > >= do else end fi in od then ||"
TERM3,"* / ^","."
TERM4,"( FLOAT_LITERAL INT_LITERAL STRING_LITERAL deref false id new null ref true","&& + - . < <= <> = > >= ||"
TERM4',"* / ε","&& + - . < <= <> = > >= ||"
TYPE,"bool float id int ref string",") , := ; begin end in }"
VAR,"( FLOAT_LITERAL INT_LITERAL STRING_LITERAL deref false id new null ref true","&& ) * + , - / ; < <= <> = > >= ^ do else end fi in od then ||"
VAR',". ε","&& ) * + , - / ; < <= <> = > >= ^ do else end fi in od then ||"
VAR2,"( FLOAT_LITERAL INT_LITERAL STRING_LITERAL deref false id new not null ref true",")"
VAR2',"&& * + - . / < <= <> = > >= ^ || ε",") :="
VAR2_',". ε",") :="
VAR_DECL,"var","; end in"
VAR_DECL',": :=","; end in"
VAR_EXP_DECL,":= ε","; end in"
WHILE_STMT,"while","; else end fi od"
