NT/T,1,2,3,4,5,6,7,8,9,10,11,12,13,14,15,16,17,18,19,20,21,22,23,24,25,26,27,29,30,31,32,33,34,35,36,37,38,39,40,41,42,43,45,48,49,50,51,53
361,,,,,"8 362 7 48 5",,,,,,,,,,,,,,,,,,,,,,,,,,,,,,,,,,,,,,,,,,,
362,,,,,,"363 364",,"55","363 364","55","363 364",,,,,,,,,,,,,,,,"363 364",,,,,,,,,,,,,,,,,,,,,
363,,,,,,,,"55",,"55",,,,,,,,,,,,,,,,,,,,,,,,,,,,,,"363 364 41",,,,,,,,
364,,,,,,"368",,,"365",,"373",,,,,,,,,,,,,,,,"376",,,,,,,,,,,,,,,,,,,,,
365,,,,,,,,,"366 48 9",,,,,,,,,,,,,,,,,,,,,,,,,,,,,,,,,,,,,,,
366,,,,,,,,,,,,,,,,,,,,,,,,,,,,,,,,,,,,"381 37","367 445 38",,,,,,,,,,,
367,,,,,,,,"55",,"55",,,,,,,,,,,,,,,,,,,,,,,,,,"381 37",,,,"55",,,,,,,,
368,,,,,,"8 379 372 7 371 40 369 39 48 6",,,,,,,,,,,,,,,,,,,,,,,,,,,,,,,,,,,,,,,,,,
369,,,,,,,,,,,,,,,,,,,,,,,,,,,,,,,,,,,,,,,"55",,,,,"370 378",,,,
370,,,,,,,,,,,,,,,,,,,,,,,,,,,,,,,,,,,,,,,"55",,"370 378 42",,,,,,,
371,,,,,,,"55",,,,,,,,,,,,,,,,,,,,,,,,,,,,,,"445 38",,,,,,,,,,,
372,,,,,,"10 362",,"55","10 362","10 362","10 362","55","55","55","55","55","55","55","55",,,,"55",,,"55","10 362",,,,,,,,,,,"55",,,,,,"55","55","55","55",
373,,,,,,,,,,,"45 374 44 48 11",,,,,,,,,,,,,,,,,,,,,,,,,,,,,,,,,,,,,
374,,,,,,,,,,,,,,,,,,,,,,,,,,,,,,,,,,,,,,,,,,,"55","375 378",,,,
375,,,,,,,,,,,,,,,,,,,,,,,,,,,,,,,,,,,,,,,,"375 378 41",,,"55",,,,,
376,,,,,,,,,,,,,,,,,,,,,,,,,,,"445 28 45 377 48 44 53 48 27",,,,,,,,,,,,,,,,,,,,,
377,,,,,,,,,,,,,,,,,,,,,,,,,,,,,,,,,,,,,,,,,"377 48 42",,"55",,,,,
378,,,,,,,,,,,,,,,,,,,,,,,,,,,,,,,,,,,,,,,,,,,,"445 38 48",,,,
379,,,,,,,,"55",,,,"380 435","380 435","380 435","380 435","380 435","380 435","380 435","380 435",,"55","55","380 435",,"55","380 435",,,,,,,,,,,,"380 435",,,,,,"380 435","380 435","380 435","380 435",
380,,,,,,,,"55",,,,,,,,,,,,,"55","55",,,"55",,,,,,,,,,,,,,,"380 435 41",,,,,,,,
381,,,,,,,,,,,,"382 383","382 383","382 383","382 383","382 383","382 383","382 383",,,,,,,,,,,,,,,,,,,,"382 383",,,,,,"382 383","382 383","382 383","382 383",
382,,,,,,,,"55",,"55",,,,,,,,,,"55","55","55",,"55","55",,,,"382 383 30",,,,,,,,,,"55","55","55",,,,,,,
383,,,,,,,,,,,,"384 385","384 385","384 385","384 385","384 385","384 385","384 385",,,,,,,,,,,,,,,,,,,,"384 385",,,,,,"384 385","384 385","384 385","384 385",
384,,,,,,,,"55",,"55",,,,,,,,,,"55","55","55",,"55","55",,,"384 385 29","55",,,,,,,,,,"55","55","55",,,,,,,
385,,,,,,,,,,,,"387 386","387 386","387 386","387 386","387 386","387 386","387 386",,,,,,,,,,,,,,,,,,,,"387 386",,,,,,"387 386","387 386","387 386","387 386",
386,,,,,,,,,,,,"386 12","55","55","55","55","55","55",,,,,,,,,,,,,,,,,,,,"55",,,,,,"55","55","55","55",
387,,,,,,,,,,,,,"388 389","388 389","388 389","388 389","388 389","388 389",,,,,,,,,,,,,,,,,,,,"388 389",,,,,,"388 389","388 389","388 389","388 389",
388,,,,,,,,"55",,"55",,,,,,,,,,"55","55","55",,"55","55",,,"55","55","389 406",,,,,,,,,"55","55","55",,,,,,,"389 406"
389,,,,,,,,,,,,,"390 391","390 391","390 391","390 391","390 391","390 391",,,,,,,,,,,,,,,,,,,,"390 391",,,,,,"390 391","390 391","390 391","390 391",
390,,,,,,,,"55",,"55",,,,,,,,,,"55","55","55",,"55","55",,,"55","55","55","390 391 32","390 391 33",,,,,,,"55","55","55",,,,,,,"55"
391,,,,,,,,,,,,,"392 393","392 393","392 393","392 393","392 393","392 393",,,,,,,,,,,,,,,,,,,,"392 393",,,,,,"392 393","392 393","392 393","392 393",
392,,,,,,,,"55",,"55",,,,,,,,,,"55","55","55",,"55","55",,,"55","55","55","55","55","392 393 34","392 393 35",,,,,"55","55","55",,,,,,,"55"
393,,,,,,,,,,,,,"394 395","394 395","394 395","394 395","394 395","394 395",,,,,,,,,,,,,,,,,,,,"394 395",,,,,,"394 395","394 395","394 395","394 395",
394,,,,,,,,"55",,"55",,,,,,,,,,"55","55","55",,"55","55",,,"55","55","55","55","55","55","55","393 36",,,,"55","55","55",,,,,,,"55"
395,,,,,,,,,,,,,"396 397","396 397","396 397","396 397","396 397","396 397",,,,,,,,,,,,,,,,,,,,"396 397",,,,,,"396 397","396 397","396 397","396 397",
396,,,,,,,,"55",,"55",,,,,,,,,,"55","55","55",,"55","55",,,"55","55","55","55","55","55","55","55",,,,"55","55","55","396 48 43",,,,,,"55"
397,,,,,,,,,,,,,"404","48 14","401","402","404","404",,,,,,,,,,,,,,,,,,,,"40 381 39",,,,,,"398 48","404","404","404",
398,,,,,,,,"55",,"55",,,,,,,,,,"55","55","55",,"55","55",,,"55","55","55","55","55","55","55","55",,,"40 399 39","55","55","55","55",,,,,,"55"
399,,,,,,,,,,,,"400 381","400 381","400 381","400 381","400 381","400 381","400 381",,,,,,,,,,,,,,,,,,,,"400 381","55",,,,,"400 381","400 381","400 381","400 381",
400,,,,,,,,,,,,,,,,,,,,,,,,,,,,,,,,,,,,,,,"55",,"400 381 42",,,,,,,
401,,,,,,,,,,,,,,,"40 407 39 15",,,,,,,,,,,,,,,,,,,,,,,,,,,,,,,,,
402,,,,,,,,,,,,,,,,"40 403 39 16",,,,,,,,,,,,,,,,,,,,,,,,,,,,,,,,
403,,,,,,,,,,,,"407","407","407","407","407","407","407",,,,,,,,,,,,,,,,,,,,"407",,,,,,"407","407","407","407",
404,,,,,,,,,,,,,"13",,,,"405","405",,,,,,,,,,,,,,,,,,,,,,,,,,,"49","50","51",
405,,,,,,,,,,,,,,,,,"17","18",,,,,,,,,,,,,,,,,,,,,,,,,,,,,,
406,,,,,,,,,,,,,,,,,,,,,,,,,,,,,,"31",,,,,,,,,,,,,,,,,,"53"
407,,,,,,,,,,,,"409 48 43 410","409 48 43 410","409 48 43 410","409 48 43 410","409 48 43 410","409 48 43 410","409 48 43 410",,,,,,,,,,,,,,,,,,,,"409 48 43 410",,,,,,"408 48","409 48 43 410","409 48 43 410","409 48 43 410",
408,,,,,,,,,,,,,,,,,,,,,,,,,,,,"409 48 43 412","409 48 43 412","409 48 43 412","409 48 43 412","409 48 43 412","409 48 43 412","409 48 43 412","409 48 43 412","55",,,"55",,,"409",,,,,,"409 48 43 412"
409,,,,,,,,,,,,,,,,,,,,,,,,,,,,,,,,,,,,"55",,,"55",,,"409 48 43",,,,,,
410,,,,,,,,,,,,"424 12","412 411","412 411","412 411","412 411","412 411","412 411",,,,,,,,,,,,,,,,,,,,"412 411",,,,,,,"412 411","412 411","412 411",
411,,,,,,,,,,,,,"404","48 14","401","402","404","404",,,,,,,,,,,,,,,,,,,,"40 381 39",,,,,,,"404","404","404",
412,,,,,,,,,,,,,,,,,,,,,,,,,,,,"413","413","413","413","413","413","413","413",,,,,,,,,,,,,"413"
413,,,,,,,,,,,,,,,,,,,,,,,,,,,,"414","421 422 30","414","414","414","414","414","414",,,,,,,,,,,,,"414"
414,,,,,,,,,,,,,,,,,,,,,,,,,,,,"423 424 29",,"415","415","415","415","415","415",,,,,,,,,,,,,"415"
415,,,,,,,,,,,,,,,,,,,,,,,,,,,,,,"428 406","416","416","416","416","416",,,,,,,,,,,,,"428 406"
416,,,,,,,,,,,,,,,,,,,,,,,,,,,,,,,"429 430 32","429 430 33","417","417","417",,,,,,,,,,,,,
417,,,,,,,,,,,,,,,,,,,,,,,,,,,,,,,,,"431 432 34","431 432 35","418",,,,,,,,,,,,,
418,,,,,,,,,,,,,,,,,,,,,,,,,,,,,,,,,,,"433 419 36",,,,,,,,,,,,,
419,,,,,,,,,,,,,"404","48 14","401","402","404","404",,,,,,,,,,,,,,,,,,,,"40 381 39",,,,,,"398 48","404","404","404",
420,,,,,,,,,,,,"421 422","421 422","421 422","421 422","421 422","421 422","421 422",,,,,,,,,,,,,,,,,,,,"421 422",,,,,,"421 422","421 422","421 422","421 422",
421,,,,,,,,,,,,,,,,,,,,,,,,,,,,,"421 422 30",,,,,,,,,,,,,"55",,,,,,
422,,,,,,,,,,,,"423 424","423 424","423 424","423 424","423 424","423 424","423 424",,,,,,,,,,,,,,,,,,,,"423 424",,,,,,"423 424","423 424","423 424","423 424",
423,,,,,,,,,,,,,,,,,,,,,,,,,,,,"423 424 29","55",,,,,,,,,,,,,"55",,,,,,
424,,,,,,,,,,,,"426 425","426 425","426 425","426 425","426 425","426 425","426 425",,,,,,,,,,,,,,,,,,,,"426 425",,,,,,"426 425","426 425","426 425","426 425",
425,,,,,,,,,,,,"425 12","55","55","55","55","55","55",,,,,,,,,,,,,,,,,,,,"55",,,,,,"55","55","55","55",
426,,,,,,,,,,,,,"427 428","427 428","427 428","427 428","427 428","427 428",,,,,,,,,,,,,,,,,,,,"427 428",,,,,,"427 428","427 428","427 428","427 428",
427,,,,,,,,,,,,,,,,,,,,,,,,,,,,"55","55","428 406",,,,,,,,,,,,"55",,,,,,"428 406"
428,,,,,,,,,,,,,"429 430","429 430","429 430","429 430","429 430","429 430",,,,,,,,,,,,,,,,,,,,"429 430",,,,,,"429 430","429 430","429 430","429 430",
429,,,,,,,,,,,,,,,,,,,,,,,,,,,,"55","55","55","429 430 32","429 430 33",,,,,,,,,,"55",,,,,,"55"
430,,,,,,,,,,,,,"431 432","431 432","431 432","431 432","431 432","431 432",,,,,,,,,,,,,,,,,,,,"431 432",,,,,,"431 432","431 432","431 432","431 432",
431,,,,,,,,,,,,,,,,,,,,,,,,,,,,"55","55","55","55","55","431 432 34","431 432 35",,,,,,,,"55",,,,,,"55"
432,,,,,,,,,,,,,"433 434","433 434","433 434","433 434","433 434","433 434",,,,,,,,,,,,,,,,,,,,"433 434",,,,,,"433 434","433 434","433 434","433 434",
433,,,,,,,,,,,,,,,,,,,,,,,,,,,,"55","55","55","55","55","55","55","432 36",,,,,,,"55",,,,,,"55"
434,,,,,,,,,,,,,"404","48 14","401","402","404","404",,,,,,,,,,,,,,,,,,,,"40 381 39",,,,,,"398 48","404","404","404",
435,,,,,,,,,,,,"438 409 48 43 439","438 409 48 43 439","438 409 48 43 439","438 409 48 43 439","438 437 402","438 409 48 43 439","438 409 48 43 439","441",,,,"443",,,"444",,,,,,,,,,,,"438 409 48 43 439",,,,,,"436 48","438 409 48 43 439","438 409 48 43 439","438 409 48 43 439",
436,,,,,,,,,,,,,,,,,,,,,,,,,,,,"438 408","438 408","438 408","438 408","438 408","438 408","438 408","438 408","438 408",,"40 399 39",,,,"438 408",,,,,,"438 408"
437,,,,,,,,,,,,,,,,,,,,,,,,,,,,"409 48 43 412","409 48 43 412","409 48 43 412","409 48 43 412","409 48 43 412","409 48 43 412","409 48 43 412","409 48 43 412","55",,,,,,,,,,,,"409 48 43 412"
438,,,,,,,,,,,,,,,,,,,,,,,,,,,,,,,,,,,,"381 37",,,,,,,,,,,,
439,,,,,,,,,,,,"424 12","412 440","412 440","412 440",,"412 440","412 440",,,,,,,,,,,,,,,,,,,,"412 440",,,,,,,"412 440","412 440","412 440",
440,,,,,,,,,,,,,"404","48 14","401",,"404","404",,,,,,,,,,,,,,,,,,,,"40 381 39",,,,,,,"404","404","404",
441,,,,,,,,,,,,,,,,,,,"22 442 379 20 381 19",,,,,,,,,,,,,,,,,,,,,,,,,,,,,
442,,,,,,,,,,,,,,,,,,,,,"379 21","55",,,,,,,,,,,,,,,,,,,,,,,,,,
443,,,,,,,,,,,,,,,,,,,,,,,"25 379 24 381 23",,,,,,,,,,,,,,,,,,,,,,,,,
444,,,,,,,,,,,,,,,,,,,,,,,,,,"40 381 39 26",,,,,,,,,,,,,,,,,,,,,,
445,"1","2","3","4",,,,,,,,,,,"40 445 39 15",,,,,,,,,,,,,,,,,,,,,,,,,,,,,"48",,,,
