Não-Terminal,&&,(,),*,+,,,-,.,/,:,:=,;,<,<=,<>,=,>,>=,FLOAT_LITERAL,INT_LITERAL,STRING_LITERAL,^,begin,bool,deref,do,else,end,enum,false,fi,float,id,if,in,int,new,not,null,od,procedure,program,ref,return,string,struct,then,true,var,while,||,}
TYPE,,,,,,,,,,,,,,,,,,,,,,,,bool,,,,,,,,float,id,,,int,,,,,,,ref ( TYPE ),,string,,,,,,,
RETURN_STMT,,,,,,,,,,,,,,,,,,,,,,,,,,,,,,,,,,,,,,,,,,,,return ( EXP ),,,,,,,,
STMT,,EXP5 . id VAR2_' ASSIGN_STMT,,,,,,,,,,,,,,,,,EXP5 . id VAR2_' ASSIGN_STMT,EXP5 . id VAR2_' ASSIGN_STMT,EXP5 . id VAR2_' ASSIGN_STMT,,,,DEREF_VAR STMT_DEREF' ASSIGN_STMT,,,,,EXP5 . id VAR2_' ASSIGN_STMT,,,id STMT',IF_STMT,,,EXP5 . id VAR2_' ASSIGN_STMT,EXP5 . id VAR2_' ASSIGN_STMT,EXP5 . id VAR2_' ASSIGN_STMT,,,,EXP5 . id VAR2_' ASSIGN_STMT,RETURN_STMT,,,,EXP5 . id VAR2_' ASSIGN_STMT,,WHILE_STMT,,
FACT4,,( EXP ),,,,,,,,,,,,,,,,,LITERAL,LITERAL,LITERAL,,,,DEREF_VAR,,,,,LITERAL,,,id CALL_STMT,,,,new id,,LITERAL,,,,REF_VAR,,,,,LITERAL,,,,
POW4',ε,,,ε,ε,,ε,ε,ε,,,,ε,ε,ε,ε,ε,ε,,,,^ POW4,,,,,,,,,,,,,,,,,,,,,,,,,,,,,ε,
TERM4',ε,,,* POW4 TERM4',ε,,ε,ε,/ POW4 TERM4',,,,ε,ε,ε,ε,ε,ε,,,,,,,,,,,,,,,,,,,,,,,,,,,,,,,,,ε,
TERM4,,POW4 TERM4',,,,,,,,,,,,,,,,,POW4 TERM4',POW4 TERM4',POW4 TERM4',,,,POW4 TERM4',,,,,POW4 TERM4',,,POW4 TERM4',,,,POW4 TERM4',,POW4 TERM4',,,,POW4 TERM4',,,,,POW4 TERM4',,,,
EXP_ARITH4',ε,,,,+ TERM4 EXP_ARITH4',,- TERM4 EXP_ARITH4',ε,,,,,ε,ε,ε,ε,ε,ε,,,,,,,,,,,,,,,,,,,,,,,,,,,,,,,,,ε,
EXP_ARITH4,,TERM4 EXP_ARITH4',,,,,,,,,,,,,,,,,TERM4 EXP_ARITH4',TERM4 EXP_ARITH4',TERM4 EXP_ARITH4',,,,TERM4 EXP_ARITH4',,,,,TERM4 EXP_ARITH4',,,TERM4 EXP_ARITH4',,,,TERM4 EXP_ARITH4',,TERM4 EXP_ARITH4',,,,TERM4 EXP_ARITH4',,,,,TERM4 EXP_ARITH4',,,,
EXP_REL4',ε,,,,,,,ε,,,,,REL_OP EXP_ARITH4,REL_OP EXP_ARITH4,REL_OP EXP_ARITH4,REL_OP EXP_ARITH4,REL_OP EXP_ARITH4,REL_OP EXP_ARITH4,,,,,,,,,,,,,,,,,,,,,,,,,,,,,,,,,ε,
NOT_OP4',,ε,,,,,,,,,,,,,,,,,ε,ε,ε,,,,ε,,,,,ε,,,ε,,,,ε,not NOT_OP4',ε,,,,ε,,,,,ε,,,,
AND_OP4,,NOT_OP4 AND_OP4',,,,,,,,,,,,,,,,,NOT_OP4 AND_OP4',NOT_OP4 AND_OP4',NOT_OP4 AND_OP4',,,,NOT_OP4 AND_OP4',,,,,NOT_OP4 AND_OP4',,,NOT_OP4 AND_OP4',,,,NOT_OP4 AND_OP4',NOT_OP4 AND_OP4',NOT_OP4 AND_OP4',,,,NOT_OP4 AND_OP4',,,,,NOT_OP4 AND_OP4',,,,
OR_OP4',,,,,,,,ε,,,,,,,,,,,,,,,,,,,,,,,,,,,,,,,,,,,,,,,,,,,|| AND_OP4 OR_OP4',
EXP4,,AND_OP4 OR_OP4',,,,,,,,,,,,,,,,,AND_OP4 OR_OP4',AND_OP4 OR_OP4',AND_OP4 OR_OP4',,,,AND_OP4 OR_OP4',,,,,AND_OP4 OR_OP4',,,AND_OP4 OR_OP4',,,,AND_OP4 OR_OP4',AND_OP4 OR_OP4',AND_OP4 OR_OP4',,,,AND_OP4 OR_OP4',,,,,AND_OP4 OR_OP4',,,,
EXP_ARITH,,TERM EXP_ARITH',,,,,,,,,,,,,,,,,TERM EXP_ARITH',TERM EXP_ARITH',TERM EXP_ARITH',,,,TERM EXP_ARITH',,,,,TERM EXP_ARITH',,,TERM EXP_ARITH',,,,TERM EXP_ARITH',,TERM EXP_ARITH',,,,TERM EXP_ARITH',,,,,TERM EXP_ARITH',,,,
EXP_REL',ε,,ε,,,ε,,,,,,ε,REL_OP EXP_ARITH,REL_OP EXP_ARITH,REL_OP EXP_ARITH,REL_OP EXP_ARITH,REL_OP EXP_ARITH,REL_OP EXP_ARITH,,,,,,,,ε,ε,ε,,,ε,,,,ε,,,,,ε,,,,,,,ε,,,,ε,
NOT_OP4,,NOT_OP4' EXP_REL4,,,,,,,,,,,,,,,,,NOT_OP4' EXP_REL4,NOT_OP4' EXP_REL4,NOT_OP4' EXP_REL4,,,,NOT_OP4' EXP_REL4,,,,,NOT_OP4' EXP_REL4,,,NOT_OP4' EXP_REL4,,,,NOT_OP4' EXP_REL4,NOT_OP4' EXP_REL4,NOT_OP4' EXP_REL4,,,,NOT_OP4' EXP_REL4,,,,,NOT_OP4' EXP_REL4,,,,
AND_OP3,&& NOT_OP4 AND_OP4',,,EXP_REL3,EXP_REL3,,EXP_REL3,,EXP_REL3,,,,EXP_REL3,EXP_REL3,EXP_REL3,EXP_REL3,EXP_REL3,EXP_REL3,,,,EXP_REL3,,,,,,,,,,,,,,,,,,,,,,,,,,,,,,
EXP_REL,,EXP_ARITH EXP_REL',,,,,,,,,,,,,,,,,EXP_ARITH EXP_REL',EXP_ARITH EXP_REL',EXP_ARITH EXP_REL',,,,EXP_ARITH EXP_REL',,,,,EXP_ARITH EXP_REL',,,EXP_ARITH EXP_REL',,,,EXP_ARITH EXP_REL',,EXP_ARITH EXP_REL',,,,EXP_ARITH EXP_REL',,,,,EXP_ARITH EXP_REL',,,,
WHILE_STMT,,,,,,,,,,,,,,,,,,,,,,,,,,,,,,,,,,,,,,,,,,,,,,,,,,while EXP do STMT_LIST od,,
OR_OP',,,ε,,,ε,,,,,,ε,,,,,,,,,,,,,,ε,ε,ε,,,ε,,,,ε,,,,,ε,,,,,,,ε,,,,|| AND_OP OR_OP',
VAR_DECL',,,,,,,,,,: TYPE VAR_EXP_DECL,:= EXP,,,,,,,,,,,,,,,,,,,,,,,,,,,,,,,,,,,,,,,,,
REC_PARAMFIELD_DECL',,,,,,,,,,,,; PARAMFIELD_DECL REC_PARAMFIELD_DECL',,,,,,,,,,,,,,,,,,,,,,,,,,,,,,,,,,,,,,,,ε
ELSE_STMT,,,,,,,,,,,,,,,,,,,,,,,,,,,else STMT_LIST,,,,ε,,,,,,,,,,,,,,,,,,,,,
STMT_DEREF',EXP3 . id VAR2_',,,EXP3 . id VAR2_',EXP3 . id VAR2_',,EXP3 . id VAR2_',,EXP3 . id VAR2_',,ε,,EXP3 . id VAR2_',EXP3 . id VAR2_',EXP3 . id VAR2_',EXP3 . id VAR2_',EXP3 . id VAR2_',EXP3 . id VAR2_',,,,EXP3 . id VAR2_',,,,,,,,,,,,,,,,,,,,,,,,,,,,,EXP3 . id VAR2_',
ENUM_DECL',,,,,,, id ENUM_DECL',,,,,,,,,,,,,,,,,,,,,,,,,,,,,,,,,,,,,,,,,,,,,,ε
CALL_STMT,ε,( CALL_ARGS ),ε,ε,ε,ε,ε,ε,ε,,,ε,ε,ε,ε,ε,ε,ε,,,,ε,,,,ε,ε,ε,,,ε,,,,ε,,,,,ε,,,,,,,ε,,,,ε,
NOT_OP,,NOT_OP' EXP_REL,,,,,,,,,,,,,,,,,NOT_OP' EXP_REL,NOT_OP' EXP_REL,NOT_OP' EXP_REL,,,,NOT_OP' EXP_REL,,,,,NOT_OP' EXP_REL,,,NOT_OP' EXP_REL,,,,NOT_OP' EXP_REL,NOT_OP' EXP_REL,NOT_OP' EXP_REL,,,,NOT_OP' EXP_REL,,,,,NOT_OP' EXP_REL,,,,
VAR_EXP_DECL,,,,,,,,,,,:= EXP,ε,,,,,,,,,,,,,,,,ε,,,,,,,ε,,,,,,,,,,,,,,,,,
EXP_REL4,,EXP_ARITH4 EXP_REL4',,,,,,,,,,,,,,,,,EXP_ARITH4 EXP_REL4',EXP_ARITH4 EXP_REL4',EXP_ARITH4 EXP_REL4',,,,EXP_ARITH4 EXP_REL4',,,,,EXP_ARITH4 EXP_REL4',,,EXP_ARITH4 EXP_REL4',,,,EXP_ARITH4 EXP_REL4',,EXP_ARITH4 EXP_REL4',,,,EXP_ARITH4 EXP_REL4',,,,,EXP_ARITH4 EXP_REL4',,,,
PROGRAM_DECL',,,,,,,,,,,,; DECL PROGRAM_DECL',,,,,,,,,,,,,,,,ε,,,,,,,ε,,,,,,,,,,,,,,,,,
DECL,,,,,,,,,,,,,,,,,,,,,,,,,,,,,ENUM_DECL,,,,,,,,,,,,PROC_DECL,,,,,REC_DECL,,,VAR_DECL,,,
EXP_ARITH',ε,,ε,,+ TERM EXP_ARITH',ε,- TERM EXP_ARITH',,,,,ε,ε,ε,ε,ε,ε,ε,,,,,,,,ε,ε,ε,,,ε,,,,ε,,,,,ε,,,,,,,ε,,,,ε,
FACT3,,( EXP ),,,,,,,,,,,,,,,,,LITERAL,LITERAL,LITERAL,,,,DEREF_VAR,,,,,LITERAL,,,id CALL_STMT,,,,new id,,LITERAL,,,,REF_VAR,,,,,LITERAL,,,,
STMT_LIST,,STMT STMT_LIST',,,,,,,,,,,,,,,,,STMT STMT_LIST',STMT STMT_LIST',STMT STMT_LIST',,,,STMT STMT_LIST',,ε,ε,,STMT STMT_LIST',ε,,STMT STMT_LIST',STMT STMT_LIST',,,STMT STMT_LIST',STMT STMT_LIST',STMT STMT_LIST',ε,,,STMT STMT_LIST',STMT STMT_LIST',,,,STMT STMT_LIST',,STMT STMT_LIST',,
AND_OP',&& NOT_OP AND_OP',,ε,,,ε,,,,,,ε,,,,,,,,,,,,,,ε,ε,ε,,,ε,,,,ε,,,,,ε,,,,,,,ε,,,,ε,
LITERAL,,,,,,,,,,,,,,,,,,,FLOAT_LITERAL,INT_LITERAL,STRING_LITERAL,,,,,,,,,BOOL_LITERAL,,,,,,,,,null,,,,,,,,,BOOL_LITERAL,,,,
PROGRAM,,,,,,,,,,,,,,,,,,,,,,,,,,,,,,,,,,,,,,,,,,program id begin PROGRAM_DECL end,,,,,,,,,,
PROC_DECL,,,,,,,,,,,,,,,,,,,,,,,,,,,,,,,,,,,,,,,,,procedure id ( PROC_PARAMFIELD_DECL ) PROC_TYPE_DECL begin PROC_DECL_DECL STMT_LIST end,,,,,,,,,,,
PROGRAM_DECL,,,,,,,,,,,,,,,,,,,,,,,,,,,,ε,DECL PROGRAM_DECL',,,,,,ε,,,,,,DECL PROGRAM_DECL',,,,,DECL PROGRAM_DECL',,,DECL PROGRAM_DECL',,,
PARAMFIELD_DECL,,,,,,,,,,,,,,,,,,,,,,,,,,,,,,,,,id : TYPE,,,,,,,,,,,,,,,,,,,
EXP5,,FACT5 EXP3,,,,,,,,,,,,,,,,,FACT5 EXP3,FACT5 EXP3,FACT5 EXP3,,,,,,,,,FACT5 EXP3,,,,,,,FACT5 EXP3,not NOT_OP4,FACT5 EXP3,,,,FACT5 EXP3,,,,,FACT5 EXP3,,,,
PROC_PARAMFIELD_DECL',,,ε,,,, PARAMFIELD_DECL PROC_PARAMFIELD_DECL',,,,,,,,,,,,,,,,,,,,,,,,,,,,,,,,,,,,,,,,,,,,,,
PROC_TYPE_DECL,,,,,,,,,,: TYPE,,,,,,,,,,,,,ε,,,,,,,,,,,,,,,,,,,,,,,,,,,,,
POW4,,FACT4 POW4',,,,,,,,,,,,,,,,,FACT4 POW4',FACT4 POW4',FACT4 POW4',,,,FACT4 POW4',,,,,FACT4 POW4',,,FACT4 POW4',,,,FACT4 POW4',,FACT4 POW4',,,,FACT4 POW4',,,,,FACT4 POW4',,,,
FACT2,,( EXP ),,,,,,,,,,,,,,,,,LITERAL,LITERAL,LITERAL,,,,DEREF_VAR,,,,,LITERAL,,,,,,,new id,,LITERAL,,,,REF_VAR,,,,,LITERAL,,,,
POW',ε,,ε,ε,ε,ε,ε,,ε,,,ε,ε,ε,ε,ε,ε,ε,,,,^ POW,,,,ε,ε,ε,,,ε,,,,ε,,,,,ε,,,,,,,ε,,,,ε,
AND_OP,,NOT_OP AND_OP',,,,,,,,,,,,,,,,,NOT_OP AND_OP',NOT_OP AND_OP',NOT_OP AND_OP',,,,NOT_OP AND_OP',,,,,NOT_OP AND_OP',,,NOT_OP AND_OP',,,,NOT_OP AND_OP',NOT_OP AND_OP',NOT_OP AND_OP',,,,NOT_OP AND_OP',,,,,NOT_OP AND_OP',,,,
PROC_PARAMFIELD_DECL,,,ε,,,,,,,,,,,,,,,,,,,,,,,,,,,,,,PARAMFIELD_DECL PROC_PARAMFIELD_DECL',,,,,,,,,,,,,,,,,,,
STMT_LIST',,,,,,,,,,,,; STMT STMT_LIST',,,,,,,,,,,,,,,ε,ε,,,ε,,,,,,,,,ε,,,,,,,,,,,,
PROC_DECL_DECL,,ε,,,,,,,,,,,,,,,,,ε,ε,ε,,,,ε,,,ε,PROGRAM_DECL in,ε,,,ε,ε,PROGRAM_DECL in,,ε,ε,ε,,PROGRAM_DECL in,,ε,ε,,PROGRAM_DECL in,,ε,PROGRAM_DECL in,ε,,
NOT_OP',,ε,,,,,,,,,,,,,,,,,ε,ε,ε,,,,ε,,,,,ε,,,ε,,,,ε,not NOT_OP',ε,,,,ε,,,,,ε,,,,
EXP,,AND_OP OR_OP',,,,,,,,,,,,,,,,,AND_OP OR_OP',AND_OP OR_OP',AND_OP OR_OP',,,,AND_OP OR_OP',,,,,AND_OP OR_OP',,,AND_OP OR_OP',,,,AND_OP OR_OP',AND_OP OR_OP',AND_OP OR_OP',,,,AND_OP OR_OP',,,,,AND_OP OR_OP',,,,
FACT5,,( EXP ),,,,,,,,,,,,,,,,,LITERAL,LITERAL,LITERAL,,,,,,,,,LITERAL,,,,,,,new id,,LITERAL,,,,REF_VAR,,,,,LITERAL,,,,
TERM',ε,,ε,* POW TERM',ε,ε,ε,,/ POW TERM',,,ε,ε,ε,ε,ε,ε,ε,,,,,,,,ε,ε,ε,,,ε,,,,ε,,,,,ε,,,,,,,ε,,,,ε,
ENUM_DECL,,,,,,,,,,,,,,,,,,,,,,,,,,,,,enum id = { id ENUM_DECL' } of TYPE,,,,,,,,,,,,,,,,,,,,,,,
REC_DECL,,,,,,,,,,,,,,,,,,,,,,,,,,,,,,,,,,,,,,,,,,,,,,struct id { REC_PARAMFIELD_DECL },,,,,,
VAR,,FACT VAR',,,,,,,,,,,,,,,,,FACT VAR',FACT VAR',FACT VAR',,,,FACT VAR',,,,,FACT VAR',,,FACT VAR',,,,FACT VAR',,FACT VAR',,,,FACT VAR',,,,,FACT VAR',,,,
OR_OP3,AND_OP3,,,AND_OP3,AND_OP3,,AND_OP3,,AND_OP3,,,,AND_OP3,AND_OP3,AND_OP3,AND_OP3,AND_OP3,AND_OP3,,,,AND_OP3,,,,,,,,,,,,,,,,,,,,,,,,,,,,,|| AND_OP4 OR_OP4',
POW3,,,,,,,,,,,,,,,,,,,,,,^ FACT3 POW4',,,,,,,,,,,,,,,,,,,,,,,,,,,,,,
TERM,,POW TERM',,,,,,,,,,,,,,,,,POW TERM',POW TERM',POW TERM',,,,POW TERM',,,,,POW TERM',,,POW TERM',,,,POW TERM',,POW TERM',,,,POW TERM',,,,,POW TERM',,,,
AND_OP4',&& NOT_OP4 AND_OP4',,,,,,,ε,,,,,,,,,,,,,,,,,,,,,,,,,,,,,,,,,,,,,,,,,,,ε,
EXP2,,FACT2 EXP3,,,,,,,,,,,,,,,,,FACT2 EXP3,FACT2 EXP3,FACT2 EXP3,,,,FACT2 EXP3,,,,,FACT2 EXP3,,,,,,,FACT2 EXP3,not NOT_OP4,FACT2 EXP3,,,,FACT2 EXP3,,,,,FACT2 EXP3,,,,
EXP_REL3,,,,EXP_ARITH3,EXP_ARITH3,,EXP_ARITH3,,EXP_ARITH3,,,,REL_OP EXP_ARITH4,REL_OP EXP_ARITH4,REL_OP EXP_ARITH4,REL_OP EXP_ARITH4,REL_OP EXP_ARITH4,REL_OP EXP_ARITH4,,,,EXP_ARITH3,,,,,,,,,,,,,,,,,,,,,,,,,,,,,,
VAR_DECL,,,,,,,,,,,,,,,,,,,,,,,,,,,,,,,,,,,,,,,,,,,,,,,,,var id VAR_DECL',,,
FACT,,( EXP ),,,,,,,,,,,,,,,,,LITERAL,LITERAL,LITERAL,,,,DEREF_VAR,,,,,LITERAL,,,id CALL_STMT,,,,new id,,LITERAL,,,,REF_VAR,,,,,LITERAL,,,,
CALL_ARGS,,EXP CALL_ARGS',ε,,,,,,,,,,,,,,,,EXP CALL_ARGS',EXP CALL_ARGS',EXP CALL_ARGS',,,,EXP CALL_ARGS',,,,,EXP CALL_ARGS',,,EXP CALL_ARGS',,,,EXP CALL_ARGS',EXP CALL_ARGS',EXP CALL_ARGS',,,,EXP CALL_ARGS',,,,,EXP CALL_ARGS',,,,
CALL_ARGS',,,ε,,,, EXP CALL_ARGS',,,,,,,,,,,,,,,,,,,,,,,,,,,,,,,,,,,,,,,,,,,,,,
REF_VAR,,,,,,,,,,,,,,,,,,,,,,,,,,,,,,,,,,,,,,,,,,,ref ( VAR2 ),,,,,,,,,
DEREF_VAR,,,,,,,,,,,,,,,,,,,,,,,,,deref ( DEREF_VAR' ),,,,,,,,,,,,,,,,,,,,,,,,,,,
DEREF_VAR',,VAR2,,,,,,,,,,,,,,,,,VAR2,VAR2,VAR2,,,,VAR2,,,,,VAR2,,,VAR2,,,,VAR2,VAR2,VAR2,,,,VAR2,,,,,VAR2,,,,
IF_STMT,,,,,,,,,,,,,,,,,,,,,,,,,,,,,,,,,,if EXP then STMT_LIST ELSE_STMT fi,,,,,,,,,,,,,,,,,,
REL_OP,,,,,,,,,,,,,<,<=,<>,=,>,>=,,,,,,,,,,,,,,,,,,,,,,,,,,,,,,,,,,
BOOL_LITERAL,,,,,,,,,,,,,,,,,,,,,,,,,,,,,,false,,,,,,,,,,,,,,,,,,true,,,,
VAR2',EXP3 . id VAR2_',,VAR2_',EXP3 . id VAR2_',EXP3 . id VAR2_',,EXP3 . id VAR2_',VAR2_',EXP3 . id VAR2_',,VAR2_',,EXP3 . id VAR2_',EXP3 . id VAR2_',EXP3 . id VAR2_',EXP3 . id VAR2_',EXP3 . id VAR2_',EXP3 . id VAR2_',,,,EXP3 . id VAR2_',,,,,,,,,,,,,,,,,,,,,,,,,,,,,EXP3 . id VAR2_',
VAR2,,EXP2 . id VAR2_',,,,,,,,,,,,,,,,,EXP2 . id VAR2_',EXP2 . id VAR2_',EXP2 . id VAR2_',,,,EXP2 . id VAR2_',,,,,EXP2 . id VAR2_',,,id VAR2',,,,EXP2 . id VAR2_',EXP2 . id VAR2_',EXP2 . id VAR2_',,,,EXP2 . id VAR2_',,,,,EXP2 . id VAR2_',,,,
VAR2_',,,ε,,,,,. id VAR2_',,,ε,,,,,,,,,,,,,,,,,,,,,,,,,,,,,,,,,,,,,,,,,
STMT',VAR2' ASSIGN_STMT,( CALL_ARGS ),,VAR2' ASSIGN_STMT,VAR2' ASSIGN_STMT,,VAR2' ASSIGN_STMT,VAR2' ASSIGN_STMT,VAR2' ASSIGN_STMT,,VAR2' ASSIGN_STMT,,VAR2' ASSIGN_STMT,VAR2' ASSIGN_STMT,VAR2' ASSIGN_STMT,VAR2' ASSIGN_STMT,VAR2' ASSIGN_STMT,VAR2' ASSIGN_STMT,,,,VAR2' ASSIGN_STMT,,,,,,,,,,,,,,,,,,,,,,,,,,,,,VAR2' ASSIGN_STMT,
POW,,VAR POW',,,,,,,,,,,,,,,,,VAR POW',VAR POW',VAR POW',,,,VAR POW',,,,,VAR POW',,,VAR POW',,,,VAR POW',,VAR POW',,,,VAR POW',,,,,VAR POW',,,,
EXP3,OR_OP3,,,OR_OP3,OR_OP3,,OR_OP3,,OR_OP3,,,,OR_OP3,OR_OP3,OR_OP3,OR_OP3,OR_OP3,OR_OP3,,,,OR_OP3,,,,,,,,,,,,,,,,,,,,,,,,,,,,,OR_OP3,
VAR',ε,,ε,ε,ε,ε,ε,. id VAR',ε,,,ε,ε,ε,ε,ε,ε,ε,,,,ε,,,,ε,ε,ε,,,ε,,,,ε,,,,,ε,,,,,,,ε,,,,ε,
EXP_ARITH3,,,,TERM3,+ TERM4 EXP_ARITH4',,- TERM4 EXP_ARITH4',,TERM3,,,,,,,,,,,,,TERM3,,,,,,,,,,,,,,,,,,,,,,,,,,,,,,
ASSIGN_STMT,,,,,,,,,,,:= EXP,,,,,,,,,,,,,,,,,,,,,,,,,,,,,,,,,,,,,,,,,
REC_PARAMFIELD_DECL,,,,,,,,,,,,,,,,,,,,,,,,,,,,,,,,,PARAMFIELD_DECL REC_PARAMFIELD_DECL',,,,,,,,,,,,,,,,,,,ε
TERM3,,,,* POW4 TERM4',,,,,/ POW4 TERM4',,,,,,,,,,,,,POW3,,,,,,,,,,,,,,,,,,,,,,,,,,,,,,
